id,region
21104621,"Malatia
Sebastia"
22287859,"Malatia
Sebastia"
22363911,Ajapnyak
22647181,Ajapnyak
22610403,Ajapnyak
22605846,Ajapnyak
21950258,Ajapnyak
21917447,Ajapnyak
22036370,Ajapnyak
22440154,Ajapnyak
21456616,Ajapnyak
22643253,Ajapnyak
22556459,Ajapnyak
22575733,Ajapnyak
21861639,Ajapnyak
22638515,Ajapnyak
22555480,Ajapnyak
21873178,Ajapnyak
21401552,Ajapnyak
21920251,Ajapnyak
22633225,Ajapnyak
21097888,Ajapnyak
22627698,Ajapnyak
22136886,Ajapnyak
22661264,Ajapnyak
22627670,Ajapnyak
22668926,"Malatia
Sebastia"
22657973,"Malatia
Sebastia"
22657569,"Malatia
Sebastia"
22643484,"Malatia
Sebastia"
21777711,Ajapnyak
21033372,Ajapnyak
22675580,Ajapnyak
22277938,Ajapnyak
22581114,Ajapnyak
22675210,Ajapnyak
22660949,Ajapnyak
22503620,Ajapnyak
22508015,Ajapnyak
21472739,Ajapnyak
22674872,Ajapnyak
22618617,"Malatia
Sebastia"
22643466,"Malatia
Sebastia"
22641248,Ajapnyak
18220365,Ajapnyak
21281695,Ajapnyak
18342859,Ajapnyak
22674501,"Malatia
Sebastia"
20963177,"Malatia
Sebastia"
22674425,"Malatia
Sebastia"
22674327,"Malatia
Sebastia"
22657513,"Malatia
Sebastia"
22565766,"Malatia
Sebastia"
21008177,Ajapnyak
21176705,Ajapnyak
21749602,Ajapnyak
21059091,Ajapnyak
22072871,Ajapnyak
20974568,Ajapnyak
21715479,Ajapnyak
20733514,Ajapnyak
22488538,Ajapnyak
22189136,Ajapnyak
22090558,Ajapnyak
22555145,Ajapnyak
22002632,"Malatia
Sebastia"
22589472,"Malatia
Sebastia"
22636952,Ajapnyak
22636983,Ajapnyak
22627660,Ajapnyak
22479569,Ajapnyak
21676448,Ajapnyak
21729539,Ajapnyak
22626335,Ajapnyak
22462678,Ajapnyak
22645261,Ajapnyak
22112913,Ajapnyak
21963702,Ajapnyak
21313337,Ajapnyak
21863843,Ajapnyak
22464717,"Malatia
Sebastia"
22543943,"Malatia
Sebastia"
22464199,Ajapnyak
22462078,Ajapnyak
22657770,Ajapnyak
22641376,Ajapnyak
21982275,Ajapnyak
21679477,Ajapnyak
22494303,Ajapnyak
22480059,Ajapnyak
22187777,Ajapnyak
22045599,Ajapnyak
22097598,Ajapnyak
22551529,Ajapnyak
22551578,Ajapnyak
22175565,Ajapnyak
22620339,Ajapnyak
22072052,Ajapnyak
22597693,Ajapnyak
22319684,Ajapnyak
22586657,Ajapnyak
22604535,Ajapnyak
20763398,Davtashen
21600051,Davtashen
22453952,Ajapnyak
22671508,Ajapnyak
22665629,Ajapnyak
22494973,Ajapnyak
22644396,Ajapnyak
22654855,Ajapnyak
22665008,Ajapnyak
22447004,"Malatia
Sebastia"
20974575,"Malatia
Sebastia"
21195620,Ajapnyak
22671154,Ajapnyak
22245566,Ajapnyak
22151414,Ajapnyak
22072801,"Malatia
Sebastia"
22558016,"Malatia
Sebastia"
22647807,"Malatia
Sebastia"
22140073,"Malatia
Sebastia"
22614524,"Malatia
Sebastia"
22647806,"Malatia
Sebastia"
21749571,"Malatia
Sebastia"
21840562,"Malatia
Sebastia"
22239925,"Malatia
Sebastia"
20789767,Ajapnyak
21106975,"Malatia
Sebastia"
22492534,"Malatia
Sebastia"
22036350,"Malatia
Sebastia"
21405203,"Malatia
Sebastia"
21576076,"Malatia
Sebastia"
16922070,"Malatia
Sebastia"
21324379,"Malatia
Sebastia"
16209681,"Malatia
Sebastia"
17014099,"Malatia
Sebastia"
22485902,"Malatia
Sebastia"
22198921,"Malatia
Sebastia"
22593000,Ajapnyak
22632652,Ajapnyak
22360730,"Malatia
Sebastia"
22239944,"Malatia
Sebastia"
22310204,"Malatia
Sebastia"
22274286,"Malatia
Sebastia"
22196067,Ajapnyak
22670133,Ajapnyak
22560124,Ajapnyak
22272326,Ajapnyak
22009392,Ajapnyak
22568339,Ajapnyak
22526620,Ajapnyak
21026367,Ajapnyak
21950579,"Malatia
Sebastia"
22491926,"Malatia
Sebastia"
21014095,Ajapnyak
22656740,Ajapnyak
22316553,Ajapnyak
22346858,Ajapnyak
22653791,Ajapnyak
21804461,Ajapnyak
21776580,Ajapnyak
21569146,Ajapnyak
22343423,Ajapnyak
22656585,Ajapnyak
22661920,
22566748,Ajapnyak
22634597,Ajapnyak
22119918,Ajapnyak
22271406,Ajapnyak
21930578,Ajapnyak
21574790,Ajapnyak
22454837,Ajapnyak
22655849,Ajapnyak
20377394,Ajapnyak
22390143,Ajapnyak
22169799,Ajapnyak
21322734,Ajapnyak
21549166,Ajapnyak
22665762,Ajapnyak
22664572,Ajapnyak
22650638,Ajapnyak
22509783,Ajapnyak
22664098,Ajapnyak
22650986,Ajapnyak
22637467,Kentron
22115328,
21431939,Ajapnyak
21216117,
22540119,Ajapnyak
22618419,Ajapnyak
22593861,Ajapnyak
22660513,Ajapnyak
22271743,Ajapnyak
18984806,Ajapnyak
22479589,Ajapnyak
22479608,Ajapnyak
22350057,Ajapnyak
22602374,Ajapnyak
22506024,Ajapnyak
21934508,Ajapnyak
22657462,Ajapnyak
22627620,Ajapnyak
22632737,Ajapnyak
22634277,Ajapnyak
22636501,Arabkir
21895096,Ajapnyak
21211240,Ajapnyak
22291878,Ajapnyak
22489278,"Malatia
Sebastia"
22599805,Ajapnyak
22642604,Ajapnyak
21659624,Ajapnyak
21995050,Ajapnyak
20985882,Ajapnyak
22640055,"Malatia
Sebastia"
22612605,Arabkir
22648095,Ajapnyak
22590776,Ajapnyak
22631665,Ajapnyak
22590073,
22645475,Ajapnyak
22586851,Ajapnyak
22180261,Ajapnyak
22457018,Ajapnyak
20652629,Ajapnyak
22604564,Ajapnyak
21635446,"Malatia
Sebastia"
20751579,Ajapnyak
22641240,Ajapnyak
21798067,Ajapnyak
21203418,Ajapnyak
20830657,Ajapnyak
22637146,Ajapnyak
22636745,Ajapnyak
22636647,"Malatia
Sebastia"
22529787,Ajapnyak
22607947,Ajapnyak
22634608,Ajapnyak
22607977,Ajapnyak
22596443,Ajapnyak
22631632,Ajapnyak
22416291,Ajapnyak
22408911,Ajapnyak
22079661,Ajapnyak
22624840,Ajapnyak
22616517,Ajapnyak
22603418,Ajapnyak
22601092,Ajapnyak
22400847,Ajapnyak
22166278,Ajapnyak
22174522,
22550829,Ajapnyak
14192060,"Malatia
Sebastia"
22545602,Ajapnyak
21422855,Ajapnyak
22471668,Ajapnyak
21444117,Ajapnyak
21549027,"Malatia
Sebastia"
22108081,"Malatia
Sebastia"
22566751,Ajapnyak
22536255,Ajapnyak
22607526,Ajapnyak
20284272,Ajapnyak
21863837,Ajapnyak
22469638,Ajapnyak
22505006,Ajapnyak
21061158,Ajapnyak
22133918,"Malatia
Sebastia"
22103140,Ajapnyak
22057030,Ajapnyak
22294661,"Malatia
Sebastia"
18835573,Ajapnyak
22219528,Ajapnyak
22520584,Ajapnyak
19916345,"Malatia
Sebastia"
20353826,Ajapnyak
21279430,Ajapnyak
21685727,Ajapnyak
22080236,Arabkir
16979950,Arabkir
21761951,Arabkir
17478576,Arabkir
17012904,Arabkir
22215827,Arabkir
21830677,Arabkir
17265134,Arabkir
22631343,"Kanaker
Zeytun"
20727168,Arabkir
22435872,Arabkir
22486333,Arabkir
22435162,Arabkir
22633524,Arabkir
22541550,Arabkir
21720225,Arabkir
19887072,Arabkir
22534963,Arabkir
22620552,Arabkir
21491326,Arabkir
22617597,Arabkir
22261915,Arabkir
21918089,Arabkir
22540762,Arabkir
22496276,Arabkir
22189139,Arabkir
20719778,Arabkir
22092818,Arabkir
22490257,Arabkir
22236561,Arabkir
17529493,Arabkir
20189606,Arabkir
20644282,Arabkir
21715560,Arabkir
22577972,Arabkir
22092804,Arabkir
22639846,Arabkir
22609244,Arabkir
22676692,Arabkir
22182380,Arabkir
22596441,Arabkir
22670498,Arabkir
22668711,Arabkir
20273342,Arabkir
21817420,Arabkir
22543291,Arabkir
22608847,Arabkir
20236972,Arabkir
22591919,Arabkir
22589961,Arabkir
22640868,Arabkir
20174666,Arabkir
18578498,Arabkir
20988497,Arabkir
20584627,Arabkir
19151719,Arabkir
19448085,Arabkir
11369604,Arabkir
11333626,Arabkir
11337055,Arabkir
19448118,Arabkir
20309047,Arabkir
22641872,Arabkir
22382580,Arabkir
22192688,Arabkir
22642014,Arabkir
22636671,Arabkir
22262434,Arabkir
22437258,Arabkir
22542772,Arabkir
22573095,Arabkir
22345186,Arabkir
19331710,Arabkir
22675968,Arabkir
22665300,Arabkir
22535342,Arabkir
22499131,"Kanaker
Zeytun"
22637704,"Kanaker
Zeytun"
21680858,Arabkir
22121688,Arabkir
22049866,Arabkir
22219228,Arabkir
22243643,Arabkir
22374472,Arabkir
22315984,Arabkir
22434523,Arabkir
22675621,Arabkir
22493117,Arabkir
21719548,Arabkir
22546606,Arabkir
22090647,Arabkir
22636298,Arabkir
22626837,Arabkir
22657544,Arabkir
22572720,Arabkir
22675543,Arabkir
21378047,Arabkir
22594276,Arabkir
22629116,Arabkir
22273242,Arabkir
22147451,Arabkir
20975430,Arabkir
17177021,Arabkir
18094395,Arabkir
20979127,Arabkir
18232790,Arabkir
21442716,Arabkir
18561994,Arabkir
17896471,Arabkir
21689265,Arabkir
15519181,Arabkir
11336713,Arabkir
16766380,Arabkir
21332203,Arabkir
22333997,Arabkir
22408874,Arabkir
22662869,Kentron
22674928,Arabkir
22674919,Arabkir
22262443,Arabkir
22452243,Arabkir
22437926,Arabkir
22287854,Arabkir
22470459,Arabkir
12173090,Arabkir
21576048,Arabkir
22571362,Arabkir
21791916,Arabkir
22189013,Arabkir
17917009,Arabkir
22674706,Arabkir
22484554,Arabkir
18291908,Arabkir
21069344,Arabkir
22628270,Arabkir
22227650,Arabkir
22220283,Arabkir
22610493,Arabkir
17499579,Arabkir
17878452,Arabkir
17581329,Arabkir
17180179,Arabkir
18514571,Arabkir
13930761,Arabkir
18098092,Arabkir
21197634,Arabkir
18097347,Arabkir
16766438,Arabkir
16920145,Arabkir
16977937,Arabkir
16776033,Arabkir
19256499,Arabkir
17482287,Arabkir
19761403,Arabkir
22646077,Arabkir
22674618,Arabkir
20562857,Arabkir
22647217,Arabkir
22623495,Arabkir
22182256,Arabkir
22674572,Arabkir
21898938,Arabkir
22197328,Arabkir
22626795,Arabkir
22674509,Arabkir
22485827,Arabkir
22674470,Arabkir
22670456,Arabkir
22613585,Arabkir
22670491,Arabkir
22668186,Arabkir
22668277,Arabkir
22668290,Arabkir
22668291,Arabkir
22669573,Arabkir
22670206,Arabkir
22669999,Arabkir
22669336,Arabkir
22668771,Arabkir
22668190,Arabkir
22661709,Arabkir
22665430,Arabkir
22207501,Arabkir
22344746,Arabkir
22653028,Arabkir
22651422,Arabkir
22656099,Arabkir
22651424,Arabkir
22637939,Arabkir
22642135,Arabkir
22584058,Arabkir
22387972,Arabkir
16842153,Arabkir
17658022,Arabkir
20822055,Arabkir
21761311,Arabkir
22540235,Arabkir
21964074,Arabkir
22307870,Arabkir
22362685,Arabkir
22307469,Arabkir
22161268,Arabkir
22637216,Arabkir
22592499,Arabkir
21650866,Arabkir
22572999,Arabkir
22081230,Arabkir
21912110,Arabkir
21867032,Arabkir
22626420,Arabkir
21870451,Arabkir
21784706,Arabkir
22359615,Arabkir
22673338,Arabkir
22479334,Arabkir
22479403,Arabkir
22479509,Arabkir
22477877,Arabkir
22656935,Arabkir
22656531,Arabkir
22657189,Arabkir
22582757,Arabkir
22655948,Arabkir
21254749,Arabkir
22633293,Arabkir
22542861,Arabkir
22274862,Arabkir
22511360,Arabkir
21266867,Arabkir
21311979,Arabkir
21674238,Arabkir
22315824,Arabkir
20963169,Arabkir
21722391,Arabkir
22225052,Arabkir
22386337,Arabkir
21311966,Arabkir
22544401,Arabkir
21108428,Arabkir
20438184,Arabkir
22352277,Arabkir
22420624,Arabkir
22320310,Arabkir
22537037,Arabkir
22549035,Arabkir
22397695,Arabkir
22549079,Arabkir
22197385,Arabkir
22656895,Arabkir
21792268,Arabkir
22579121,Arabkir
22649969,Arabkir
22647763,Arabkir
22647687,Arabkir
22600934,Arabkir
21029483,Arabkir
21658553,Arabkir
22627120,Arabkir
22542247,Arabkir
22510734,Arabkir
22540971,Arabkir
22562511,Arabkir
22227034,Arabkir
22636363,Arabkir
22651999,Arabkir
22627030,Arabkir
22542620,Arabkir
22345363,Arabkir
21709204,Arabkir
22636002,Arabkir
22643584,Arabkir
22656186,Arabkir
22641156,Arabkir
22643284,Arabkir
22666852,Arabkir
22644175,Arabkir
22643115,Arabkir
22637581,Arabkir
22610147,Arabkir
22641129,Arabkir
22640679,Arabkir
22585205,Arabkir
22336867,Arabkir
22073610,Arabkir
16785976,Arabkir
22290315,Arabkir
16968391,Arabkir
16977968,Arabkir
16998865,Arabkir
22336610,Arabkir
17706318,Arabkir
22035503,Arabkir
21806286,Arabkir
21365441,Arabkir
21299759,Arabkir
20992151,Arabkir
18653098,Arabkir
17628641,Arabkir
21551452,Arabkir
21551481,Arabkir
22209396,Arabkir
20889884,Arabkir
22116428,Arabkir
22517446,Arabkir
22670070,Arabkir
22251941,Arabkir
22045564,Arabkir
21722888,Arabkir
22653153,Arabkir
22574573,Arabkir
22087811,Arabkir
22087914,Arabkir
22673672,Arabkir
22671201,Arabkir
22530034,Arabkir
21575085,Kentron
19438104,Kentron
22560999,Arabkir
22476208,Arabkir
22482500,Arabkir
22569276,Arabkir
22650625,Arabkir
22615411,Arabkir
21407322,Arabkir
22093680,Arabkir
21775456,Arabkir
22673466,Arabkir
22673464,Arabkir
22637582,Arabkir
22583913,Arabkir
22653649,Arabkir
22572557,Arabkir
22586196,Arabkir
22306132,Arabkir
22562505,Arabkir
22572530,Arabkir
22484947,Arabkir
22586059,Arabkir
22637377,Arabkir
22609751,Arabkir
22661293,Arabkir
22623318,Arabkir
22610643,Arabkir
22595627,Arabkir
22576954,Arabkir
22577063,Arabkir
22630857,Arabkir
22393936,Arabkir
22634679,Arabkir
22587338,Arabkir
22636660,Arabkir
22633243,Arabkir
22641005,Arabkir
22609576,Arabkir
20770169,
22305274,
21492677,
19187470,
19114442,
19088742,
17836223,
22092840,
18337965,
22411276,Arabkir
21639558,Arabkir
22591105,Arabkir
21183704,Arabkir
21647800,Arabkir
22584958,Arabkir
21717118,Kentron
22617722,Arabkir
22186253,Arabkir
22435191,Arabkir
22133650,Arabkir
22608857,Arabkir
20967346,Arabkir
22141732,Arabkir
22399034,Arabkir
21835337,Arabkir
20165432,Arabkir
22672551,Arabkir
19423583,Arabkir
22668346,Arabkir
22436069,Arabkir
21187768,Arabkir
20080745,Arabkir
20597066,Arabkir
21718212,Arabkir
22539470,Arabkir
22563496,Arabkir
20623300,Arabkir
22673122,Arabkir
22665168,Arabkir
22215703,Arabkir
22065349,Arabkir
22486366,Arabkir
22631799,Arabkir
22408146,Arabkir
21783110,"Kanaker
Zeytun"
22560252,"Kanaker
Zeytun"
22656387,Arabkir
22361823,Arabkir
22528132,Arabkir
22565411,Arabkir
22538541,Arabkir
22551451,Arabkir
18596882,Arabkir
22524533,Arabkir
18197445,Arabkir
21654403,Arabkir
21593472,Arabkir
21709046,Arabkir
21014604,Arabkir
18279153,"Kanaker
Zeytun"
21046485,"Kanaker
Zeytun"
20783776,"Kanaker
Zeytun"
20447986,"Kanaker
Zeytun"
22625708,Arabkir
22622076,Arabkir
22554736,Arabkir
22672409,Arabkir
21180423,Arabkir
21077058,Arabkir
22521862,Arabkir
22570832,Arabkir
22672127,Arabkir
22575271,Arabkir
22192786,Arabkir
22671943,Arabkir
20575219,Arabkir
17599594,Arabkir
22671842,Arabkir
22671840,Arabkir
22650564,Arabkir
22637832,Arabkir
22671587,Arabkir
20631662,Arabkir
21804323,Arabkir
22531130,"Kanaker
Zeytun"
22641827,Arabkir
21974532,"Kanaker
Zeytun"
22634601,Arabkir
22427561,Arabkir
20601295,Arabkir
22435721,Davtashen
22509450,"Kanaker
Zeytun"
22616564,Arabkir
22671184,Arabkir
22112866,Arabkir
22321109,Arabkir
22647994,Arabkir
22671123,Arabkir
22025727,Arabkir
22657335,Arabkir
22435822,Arabkir
20964062,Arabkir
20963176,Arabkir
22086103,Arabkir
22284183,Arabkir
20563507,Arabkir
22319098,Arabkir
22471370,Arabkir
20059678,Arabkir
22181019,Arabkir
22042027,Arabkir
20973857,Arabkir
20952985,Arabkir
20882135,Arabkir
21073433,Arabkir
21363080,Arabkir
21752111,Arabkir
20958234,Arabkir
20967285,Kentron
22549370,Arabkir
22549256,Arabkir
22549229,Arabkir
22224981,Arabkir
22210170,Arabkir
22514896,Arabkir
22450532,Arabkir
22475931,Arabkir
20987886,Arabkir
22361505,Arabkir
20788511,Arabkir
20977781,Arabkir
22570121,Arabkir
22565456,Arabkir
22621704,Arabkir
21807940,Arabkir
22653928,Arabkir
22413673,Arabkir
22485842,Arabkir
22294446,Arabkir
22375012,Arabkir
22416592,Arabkir
22416399,Arabkir
22416298,Arabkir
19626032,Arabkir
19098765,Arabkir
21072141,Arabkir
20893462,Arabkir
20970040,Arabkir
22526454,Arabkir
22551542,Arabkir
21651551,Arabkir
21516220,Arabkir
22469655,Arabkir
20823814,Arabkir
22362954,Arabkir
21044369,Arabkir
20964134,Arabkir
21807942,Arabkir
22435948,Arabkir
21604642,Arabkir
20994702,Arabkir
21049103,Arabkir
22400712,Arabkir
19092079,Arabkir
21539352,Arabkir
22626638,Arabkir
22398996,Arabkir
22413383,Arabkir
22254300,Arabkir
22341645,Arabkir
17252933,Arabkir
22080629,Arabkir
22192521,Arabkir
22157570,Arabkir
22566423,Arabkir
21402725,"Kanaker
Zeytun"
20244554,"Kanaker
Zeytun"
22169423,Arabkir
21377404,Arabkir
22475975,Arabkir
22609384,Arabkir
19404576,Arabkir
20256864,Arabkir
22322040,Arabkir
22305139,Arabkir
22648461,Arabkir
22632109,Arabkir
22547265,Arabkir
22623029,Arabkir
22472426,Arabkir
22669755,Arabkir
22669745,Arabkir
22669695,Arabkir
22651161,Arabkir
22347428,Arabkir
22610939,Arabkir
22610951,Arabkir
22658533,Arabkir
22669103,Arabkir
20970388,Arabkir
21212103,Arabkir
21832830,Arabkir
22160066,Arabkir
21049667,Arabkir
20965931,Arabkir
20974348,Arabkir
22509596,Arabkir
22611369,Arabkir
22121854,Arabkir
22598764,Arabkir
22191406,Arabkir
22056715,Arabkir
22586698,Arabkir
20330689,Arabkir
21698841,Arabkir
17130000,Arabkir
18177526,Arabkir
22486519,Arabkir
22667921,Arabkir
17917006,Arabkir
21336197,Arabkir
22136047,Arabkir
21788241,Arabkir
22451757,Arabkir
22152002,Arabkir
21509306,Arabkir
22636613,Arabkir
22550849,Arabkir
22164573,Arabkir
21360115,Arabkir
22659976,Arabkir
22659938,Arabkir
20601386,Arabkir
18533930,Arabkir
22488848,Arabkir
20146361,Arabkir
22553788,Arabkir
22577688,Arabkir
22643662,Arabkir
22648102,Arabkir
22667586,Arabkir
22111341,Arabkir
22642167,Arabkir
22614278,Arabkir
22632776,Arabkir
22632787,Arabkir
17766131,Arabkir
15720242,Arabkir
22437907,Arabkir
22576617,Arabkir
22437938,Arabkir
22479374,Arabkir
22537642,Arabkir
21704525,Arabkir
22586897,Arabkir
22592934,Arabkir
22292151,Arabkir
22143029,Arabkir
21995800,Arabkir
17023853,Arabkir
17648663,Arabkir
16815175,Arabkir
18295873,Arabkir
17031393,Arabkir
21895920,Arabkir
21844954,Arabkir
21832995,Arabkir
22594458,Arabkir
22620982,Arabkir
22146949,Arabkir
22602138,Arabkir
22608844,Arabkir
22608999,Arabkir
22516470,Arabkir
22666306,Arabkir
22319116,Arabkir
22580760,Arabkir
22439894,Arabkir
22592115,Arabkir
21401392,Arabkir
22532305,Arabkir
22479331,Arabkir
22248136,Arabkir
22600817,Arabkir
22594111,Arabkir
22485190,Arabkir
22649548,Arabkir
22250975,Arabkir
20940300,Arabkir
22455610,Arabkir
22331832,Arabkir
22338745,Arabkir
22491096,Arabkir
21849785,Arabkir
22372726,Arabkir
21636740,Arabkir
22564927,Arabkir
22115329,Arabkir
22547821,Arabkir
22636844,Arabkir
22203416,Arabkir
21921232,Arabkir
22631660,Arabkir
22331516,Arabkir
22445714,Ajapnyak
21590139,Arabkir
22616030,Arabkir
20956294,Arabkir
22588504,Arabkir
22594135,Arabkir
21520993,Arabkir
21578723,Arabkir
21972168,Arabkir
22420064,Arabkir
17599179,Arabkir
17314136,Arabkir
15453900,Arabkir
16899316,Arabkir
18374433,Arabkir
21642717,Arabkir
22475517,Arabkir
21228099,Arabkir
22058582,Arabkir
20927851,Arabkir
12765328,Arabkir
20038816,Arabkir
20601384,Arabkir
22575319,Arabkir
22589397,Arabkir
22260118,Arabkir
22541084,Arabkir
22527339,Arabkir
22576424,Arabkir
22563876,Arabkir
22487387,Arabkir
22549108,Arabkir
22563896,Arabkir
21901163,"Kanaker
Zeytun"
22102095,Arabkir
22013186,Arabkir
22636024,Arabkir
22658954,Arabkir
21590621,Arabkir
22658704,Arabkir
22411721,Arabkir
22507043,Arabkir
22529846,Arabkir
22085680,Arabkir
21107177,Arabkir
22636416,Arabkir
22106477,Arabkir
22646891,Arabkir
22578405,Arabkir
22631351,Arabkir
21873564,Arabkir
22543696,Arabkir
22620374,Arabkir
22643273,Arabkir
22620580,Arabkir
22646688,"Kanaker
Zeytun"
22654536,Arabkir
21551471,Arabkir
21538814,Arabkir
21457576,Arabkir
22630889,Arabkir
22650544,Arabkir
22437140,Arabkir
21610355,Arabkir
21613659,Arabkir
22592612,Arabkir
21663277,Arabkir
21482811,Arabkir
22648374,Arabkir
22638199,Arabkir
21672407,Arabkir
22628506,Arabkir
22238646,Arabkir
22489067,Arabkir
21839700,Arabkir
22592965,Arabkir
22565846,Arabkir
21852263,Arabkir
20963525,Arabkir
22253504,Arabkir
22001388,Arabkir
21322611,"Kanaker
Zeytun"
22523705,Arabkir
17317381,Arabkir
13257690,Arabkir
16881401,Arabkir
17625986,Arabkir
18657392,Arabkir
22561346,Arabkir
22575204,Arabkir
22076947,Arabkir
21408834,Arabkir
22487773,Arabkir
22049458,Arabkir
22644951,Arabkir
22400735,Arabkir
22589890,Arabkir
22590923,Arabkir
21873560,Arabkir
22643453,Arabkir
22536861,Arabkir
17451463,Arabkir
22290429,Arabkir
22048933,Arabkir
22156901,Arabkir
20927775,Arabkir
22642714,Arabkir
22524297,Arabkir
22627857,Arabkir
20598852,Arabkir
17961757,Arabkir
17334551,Arabkir
22153286,Arabkir
22527202,Arabkir
22585763,Arabkir
22307251,Arabkir
22591668,Arabkir
21757801,Arabkir
22160691,Arabkir
22543201,Arabkir
22549416,Arabkir
22599521,Arabkir
22618001,Arabkir
22617555,Arabkir
22541178,Arabkir
22588362,Arabkir
22369178,Arabkir
22389394,Arabkir
22620019,Arabkir
21654543,Arabkir
21625087,Arabkir
22104060,Arabkir
21683771,Arabkir
22125996,Arabkir
21073413,Arabkir
22623023,Arabkir
21766014,Arabkir
21802942,Arabkir
22488034,Kentron
21635041,Arabkir
21157799,Arabkir
19236678,Arabkir
22628856,Arabkir
19702339,Arabkir
22568105,Arabkir
22598532,Arabkir
22627817,Arabkir
22569828,Arabkir
22558147,Arabkir
22550833,Arabkir
22605445,Arabkir
22610914,Arabkir
22547115,Arabkir
22250429,Arabkir
22057596,Arabkir
22626268,Arabkir
22611466,Arabkir
22590781,Arabkir
22624153,Arabkir
19431463,Arabkir
21781474,Arabkir
20253406,Arabkir
21640503,Arabkir
22263928,Arabkir
21007374,Arabkir
22486612,Arabkir
22530235,Arabkir
22575583,Arabkir
22615251,Arabkir
22615017,Arabkir
22602842,Arabkir
22547715,Arabkir
21168885,Arabkir
20953189,Arabkir
21986149,Shengavit
20942813,Arabkir
22612722,Arabkir
22611703,Arabkir
22536772,Arabkir
21663188,Arabkir
22572868,Arabkir
22592450,Arabkir
22110224,Arabkir
22088161,Arabkir
22388542,Arabkir
22604970,Arabkir
12016404,Arabkir
22322726,Arabkir
22382356,Arabkir
22062925,Arabkir
22020064,Arabkir
22600797,"Kanaker
Zeytun"
21877166,Arabkir
21350462,"Malatia
Sebastia"
21786482,Arabkir
21698586,Arabkir
22584947,Arabkir
22581415,Arabkir
22562872,Arabkir
22179736,Arabkir
22504676,Arabkir
22251116,Arabkir
19852882,Arabkir
22576359,Arabkir
22509452,Arabkir
22499685,Arabkir
22471194,Arabkir
18412957,Arabkir
21849281,Arabkir
17020736,Arabkir
22575212,Arabkir
22360792,Arabkir
15851319,Arabkir
21605524,Arabkir
21999338,Arabkir
16998864,Arabkir
22488040,Arabkir
22009282,Arabkir
22555304,Arabkir
18974772,Arabkir
22540193,Avan
22645816,Avan
22053078,Avan
22587009,Avan
22675539,Avan
22566766,Avan
21150506,Avan
21642376,Avan
19291977,Avan
20744432,"Kanaker
Zeytun"
16720048,"Kanaker
Zeytun"
16977959,"Kanaker
Zeytun"
16992907,"Kanaker
Zeytun"
16110986,"Kanaker
Zeytun"
17004795,"Kanaker
Zeytun"
14948886,"Kanaker
Zeytun"
21659599,Avan
21765252,Avan
21765660,Avan
21727049,Avan
22035514,Avan
20934909,Avan
22302512,Avan
22323646,Avan
20634883,Avan
21630801,Avan
21635259,Avan
22057796,Avan
22620095,Avan
22653798,Avan
22597688,Avan
18288656,Avan
20948006,Avan
21166754,Avan
21960560,Avan
22078184,Avan
22177591,Avan
22662693,Avan
22347265,Avan
22510484,Avan
22672047,Avan
21746922,Avan
22384623,Avan
22536730,Avan
22441896,Avan
22324446,Avan
22657232,Avan
22311107,Avan
22646558,Avan
22229755,"Kanaker
Zeytun"
22107146,"Kanaker
Zeytun"
22386334,Kentron
20463524,Avan
21491799,Avan
18079652,Avan
22584011,Avan
22248399,Avan
22614455,Avan
22532343,Avan
22607175,Avan
22636974,Avan
20408790,Nor Nork
22544083,Avan
22554657,"Kanaker
Zeytun"
22409935,Avan
22663856,Avan
22144121,Avan
22618564,Avan
22257611,Avan
21059794,Nor Nork
22224631,Avan
22661330,Avan
22252296,Avan
22567871,Avan
22573541,Avan
22517416,Avan
22657952,Avan
22567485,Avan
22592943,Avan
21993630,Avan
22557334,Avan
22565821,Avan
22361126,Avan
21959990,Avan
22604715,Avan
22495341,Avan
22390131,Avan
22547421,Avan
21387717,Avan
22021956,Avan
22370198,Avan
22084948,Avan
22347264,Avan
22607247,Avan
22166280,Avan
21879260,Avan
22609929,Avan
22152485,Avan
22266289,Avan
22592436,Avan
22121087,Avan
22234226,Avan
22575691,Avan
22530252,Avan
22091590,Avan
22487945,Avan
21071836,Avan
21349960,Avan
22068018,Avan
22518981,Avan
22480394,Avan
22642933,Davtashen
22643223,Davtashen
22473846,Davtashen
22471843,Davtashen
21610148,Davtashen
21650437,Davtashen
21288197,Davtashen
20593995,Davtashen
22328500,Davtashen
22368159,Davtashen
20784790,Davtashen
21718239,Davtashen
20347133,Davtashen
21693597,Davtashen
20693275,Davtashen
20640405,Davtashen
20292221,Davtashen
22016110,Davtashen
20568027,Davtashen
22605263,Davtashen
18653253,Davtashen
22580790,Davtashen
22561067,Davtashen
22608196,Davtashen
22615575,Davtashen
22579209,Davtashen
22362466,Davtashen
22335378,Davtashen
22646743,Davtashen
22339654,Davtashen
22337840,Davtashen
22369948,Davtashen
22510052,Davtashen
22362704,Davtashen
22661894,Davtashen
21704541,Davtashen
22649149,Davtashen
22362677,Davtashen
22579275,Davtashen
22667760,Davtashen
22577692,Davtashen
22646764,Davtashen
22649586,Davtashen
22644360,Davtashen
22586740,Davtashen
21505378,Davtashen
17933487,Davtashen
22424281,Davtashen
21328561,Davtashen
22566615,Davtashen
22548066,Davtashen
21724358,Davtashen
22421465,Davtashen
22551561,Davtashen
22564957,Davtashen
21311967,Davtashen
16807451,Davtashen
22057789,Davtashen
21715096,Davtashen
21833014,Davtashen
21904639,Davtashen
21093767,Davtashen
21135437,Davtashen
22230023,Davtashen
20975890,Davtashen
22383966,Davtashen
21338632,Davtashen
22408429,Davtashen
21315691,Davtashen
22424012,Davtashen
22310692,Davtashen
22424846,Davtashen
21422238,Davtashen
22577065,Davtashen
22544405,Ajapnyak
22112864,Ajapnyak
22545148,Ajapnyak
22098422,Ajapnyak
22544698,Ajapnyak
22566812,Ajapnyak
20970493,Ajapnyak
22600003,Ajapnyak
22555812,Ajapnyak
22128386,Davtashen
22549530,Davtashen
22485856,Davtashen
22573546,Davtashen
22651184,Davtashen
22608413,Davtashen
22610092,Davtashen
22544456,Davtashen
22551663,Davtashen
22645444,Davtashen
22586862,Davtashen
22566823,Davtashen
22582274,Davtashen
21457377,Davtashen
21900549,Davtashen
22558039,Davtashen
20968874,Davtashen
21285262,Davtashen
22645599,Davtashen
22602888,Davtashen
21668972,Davtashen
21322654,Davtashen
22595269,Davtashen
22189250,
22189157,
22621328,Davtashen
22618158,Davtashen
22601115,Davtashen
20966278,Davtashen
22616943,Davtashen
18104963,Davtashen
17334912,Davtashen
18325206,Davtashen
17043519,Davtashen
17862598,Davtashen
18946825,Davtashen
14392539,Davtashen
15075651,Davtashen
13600321,Davtashen
17529533,Davtashen
20798650,Davtashen
22052651,Davtashen
22107555,Davtashen
22580720,Davtashen
21722392,Davtashen
22612020,Davtashen
22110683,Davtashen
22551005,Davtashen
22024647,Davtashen
22186323,Davtashen
22164905,Davtashen
21899970,Davtashen
22067926,Davtashen
20587900,Nor Nork
21857632,Davtashen
22486158,Davtashen
21459016,Davtashen
21327316,Ajapnyak
22668215,Davtashen
21785109,Davtashen
17862606,Davtashen
22475981,Davtashen
20594023,Davtashen
22477181,Davtashen
22532748,Ajapnyak
22639764,Davtashen
21302279,Davtashen
21208394,Davtashen
22078051,Davtashen
22592759,Davtashen
21980188,Davtashen
22262670,Davtashen
20953480,Davtashen
22644662,Davtashen
22487437,Davtashen
22418505,Davtashen
21491325,Davtashen
20864844,Davtashen
22158412,Davtashen
18847401,
22595777,Davtashen
22073497,Davtashen
22435030,Davtashen
22491092,Davtashen
21566846,Davtashen
21572256,Davtashen
22646270,Davtashen
18652868,Davtashen
20518484,Davtashen
22545437,Davtashen
22564008,Davtashen
22596229,Davtashen
22615632,Davtashen
22428087,Davtashen
22593133,Davtashen
22643190,Ajapnyak
22513518,Davtashen
22544431,Ajapnyak
22203404,Ajapnyak
22566014,Ajapnyak
22492337,Ajapnyak
22164630,Ajapnyak
21763563,Davtashen
22626917,Davtashen
21843814,Davtashen
22626213,Davtashen
22562447,Davtashen
22622902,Davtashen
20635479,Davtashen
22199633,Davtashen
22136148,Davtashen
22503317,Davtashen
22362060,Davtashen
22576141,
21600436,Davtashen
22139148,Davtashen
21663468,Davtashen
21033912,Davtashen
22580638,Davtashen
22479352,Davtashen
22481298,Davtashen
22112717,Davtashen
22576499,Davtashen
22575586,Davtashen
22043214,Davtashen
22065023,Davtashen
22027400,Davtashen
21651571,Ajapnyak
21879028,Davtashen
22168352,Davtashen
20413576,Davtashen
17420354,Davtashen
22118109,Davtashen
14984117,Erebuni
22192720,Erebuni
22187743,Erebuni
21285376,Erebuni
22461983,Erebuni
22676508,Erebuni
22329993,Erebuni
22648156,Erebuni
21129464,Erebuni
22604726,Erebuni
22513528,Erebuni
22654153,Erebuni
22590786,Erebuni
22619045,Erebuni
22662554,Erebuni
22482863,Erebuni
22155117,Erebuni
22524625,Erebuni
21409255,Erebuni
21477116,Erebuni
22644392,Erebuni
22456428,Erebuni
22671065,Erebuni
20265143,Erebuni
22310347,Erebuni
22669133,Erebuni
22592590,Erebuni
20037491,Erebuni
22630425,Erebuni
20640480,Erebuni
22621630,Erebuni
22624180,Erebuni
22604508,Erebuni
22671408,Erebuni
22500040,Erebuni
22656374,Erebuni
22567022,Erebuni
22479983,Erebuni
19459754,Erebuni
22471629,Erebuni
22566020,Erebuni
22670274,Erebuni
22624897,Erebuni
22176711,Erebuni
22656037,Erebuni
22181180,Erebuni
20842246,Erebuni
22651223,Erebuni
21932683,Erebuni
22520434,Shengavit
22069252,Erebuni
22663295,Erebuni
18998128,Erebuni
22238475,Erebuni
22661872,Erebuni
22661671,Erebuni
21705177,Erebuni
21981517,Erebuni
22637301,Erebuni
22395273,Erebuni
21932626,Erebuni
22024199,Erebuni
21597834,Erebuni
21634469,Erebuni
22570304,Erebuni
22634676,Erebuni
22612982,Erebuni
21754541,Shengavit
22622651,Erebuni
21960703,Erebuni
21987371,Erebuni
21726389,Erebuni
22523511,Erebuni
22652969,Erebuni
22532317,Erebuni
22547732,Erebuni
21813933,Erebuni
22651825,Erebuni
22563388,Erebuni
22651469,Erebuni
22635067,Erebuni
22606244,Erebuni
22648182,Erebuni
21178502,Erebuni
21310865,Erebuni
22169803,Erebuni
21191808,Erebuni
22121465,Erebuni
22142124,Erebuni
21514605,Erebuni
20561104,Erebuni
22536292,Erebuni
22288368,Erebuni
21948338,Erebuni
22485940,Erebuni
22473851,Erebuni
21975307,Erebuni
22551814,Erebuni
22297520,Erebuni
22600373,Erebuni
22640289,Erebuni
22595745,Erebuni
22615614,"Nork
Marash"
22595332,Erebuni
22358256,Erebuni
22484524,Erebuni
22549488,Erebuni
22485505,Erebuni
22121887,Erebuni
22470550,Erebuni
22585460,Erebuni
22611944,Erebuni
21526488,Erebuni
22478999,Erebuni
22522068,Erebuni
20950533,Erebuni
22352769,Erebuni
22342752,Erebuni
22194694,Erebuni
22360444,Erebuni
21738368,Erebuni
22224199,Erebuni
22599492,Erebuni
21997029,Erebuni
22593172,Erebuni
22561357,Erebuni
22261072,Erebuni
22587367,Erebuni
21245407,Erebuni
19828142,Erebuni
22567146,Erebuni
22319061,Erebuni
22542557,Erebuni
20672456,Erebuni
22164838,Erebuni
22284691,Erebuni
22115137,Erebuni
21474196,Erebuni
20111048,Erebuni
20809983,Erebuni
22485204,Kentron
22469627,Erebuni
22576970,"Kanaker
Zeytun"
22627129,"Kanaker
Zeytun"
22649358,"Kanaker
Zeytun"
22663896,"Kanaker
Zeytun"
22008542,"Kanaker
Zeytun"
22656015,"Kanaker
Zeytun"
22653877,"Kanaker
Zeytun"
22555473,"Kanaker
Zeytun"
22562022,"Kanaker
Zeytun"
22574476,"Kanaker
Zeytun"
22274762,"Kanaker
Zeytun"
22189254,"Kanaker
Zeytun"
22577223,"Kanaker
Zeytun"
20256046,"Kanaker
Zeytun"
22496293,"Kanaker
Zeytun"
22549342,"Kanaker
Zeytun"
22547836,"Kanaker
Zeytun"
20270929,"Kanaker
Zeytun"
22029732,"Kanaker
Zeytun"
21578029,"Kanaker
Zeytun"
21320821,"Kanaker
Zeytun"
21346855,"Kanaker
Zeytun"
22494497,"Kanaker
Zeytun"
22469228,"Kanaker
Zeytun"
20969718,"Kanaker
Zeytun"
22496307,"Kanaker
Zeytun"
22487776,"Kanaker
Zeytun"
22053317,"Kanaker
Zeytun"
22675967,"Kanaker
Zeytun"
22144359,"Kanaker
Zeytun"
22589792,"Kanaker
Zeytun"
21120976,"Kanaker
Zeytun"
21881629,"Kanaker
Zeytun"
22674978,"Kanaker
Zeytun"
22437828,"Kanaker
Zeytun"
22527419,"Kanaker
Zeytun"
22603167,"Kanaker
Zeytun"
22574901,"Kanaker
Zeytun"
22551314,"Kanaker
Zeytun"
22648537,"Kanaker
Zeytun"
16885015,"Kanaker
Zeytun"
22674445,"Kanaker
Zeytun"
22667679,"Kanaker
Zeytun"
22119837,"Kanaker
Zeytun"
21724351,"Kanaker
Zeytun"
20299617,"Kanaker
Zeytun"
22510296,"Kanaker
Zeytun"
22648696,"Kanaker
Zeytun"
20526497,"Kanaker
Zeytun"
22500049,"Kanaker
Zeytun"
22517011,"Kanaker
Zeytun"
22674157,"Kanaker
Zeytun"
22422835,"Kanaker
Zeytun"
22487480,"Kanaker
Zeytun"
22487487,"Kanaker
Zeytun"
22475341,"Kanaker
Zeytun"
22661396,"Kanaker
Zeytun"
22302720,"Kanaker
Zeytun"
22303483,"Kanaker
Zeytun"
22662857,"Kanaker
Zeytun"
22557216,"Kanaker
Zeytun"
22548154,"Kanaker
Zeytun"
22613655,"Kanaker
Zeytun"
22542856,"Kanaker
Zeytun"
22564594,"Kanaker
Zeytun"
22566922,"Kanaker
Zeytun"
22499371,"Kanaker
Zeytun"
21988682,"Kanaker
Zeytun"
21610342,"Kanaker
Zeytun"
21671940,"Kanaker
Zeytun"
22572424,"Kanaker
Zeytun"
22609757,"Kanaker
Zeytun"
22609675,"Kanaker
Zeytun"
22533528,"Kanaker
Zeytun"
22645337,"Kanaker
Zeytun"
22447905,"Kanaker
Zeytun"
22577605,"Kanaker
Zeytun"
22645323,"Kanaker
Zeytun"
22658995,"Kanaker
Zeytun"
22301253,"Kanaker
Zeytun"
22019417,"Kanaker
Zeytun"
22513498,"Kanaker
Zeytun"
22501178,"Kanaker
Zeytun"
21703908,"Kanaker
Zeytun"
22498519,"Kanaker
Zeytun"
22238627,"Kanaker
Zeytun"
22581298,"Kanaker
Zeytun"
22500413,"Kanaker
Zeytun"
22476017,"Kanaker
Zeytun"
22575705,"Kanaker
Zeytun"
22347496,"Kanaker
Zeytun"
22526128,"Kanaker
Zeytun"
22377766,"Kanaker
Zeytun"
21301312,"Kanaker
Zeytun"
20534615,"Kanaker
Zeytun"
22469212,"Kanaker
Zeytun"
21815960,"Kanaker
Zeytun"
21600491,"Kanaker
Zeytun"
22290389,"Kanaker
Zeytun"
22470675,"Kanaker
Zeytun"
22036545,"Kanaker
Zeytun"
22292480,"Kanaker
Zeytun"
22539686,"Kanaker
Zeytun"
22121385,"Kanaker
Zeytun"
22078176,"Kanaker
Zeytun"
21822786,"Kanaker
Zeytun"
20652811,"Kanaker
Zeytun"
21242516,"Kanaker
Zeytun"
21786789,"Kanaker
Zeytun"
22472863,"Kanaker
Zeytun"
18939456,"Kanaker
Zeytun"
21457737,"Kanaker
Zeytun"
22484560,"Kanaker
Zeytun"
21606517,"Kanaker
Zeytun"
21212219,"Kanaker
Zeytun"
22500633,"Kanaker
Zeytun"
22561817,"Kanaker
Zeytun"
22594686,"Kanaker
Zeytun"
22672920,"Kanaker
Zeytun"
22592257,"Kanaker
Zeytun"
22562712,"Kanaker
Zeytun"
22672325,"Kanaker
Zeytun"
22635097,"Kanaker
Zeytun"
22537507,"Kanaker
Zeytun"
22527384,"Kanaker
Zeytun"
22562491,"Kanaker
Zeytun"
21583087,"Kanaker
Zeytun"
22100243,"Kanaker
Zeytun"
21602815,"Kanaker
Zeytun"
20241686,"Kanaker
Zeytun"
22592338,"Kanaker
Zeytun"
22620923,"Kanaker
Zeytun"
22592336,"Kanaker
Zeytun"
22646379,"Kanaker
Zeytun"
22573644,"Kanaker
Zeytun"
21708025,"Kanaker
Zeytun"
21491399,"Kanaker
Zeytun"
22670259,"Kanaker
Zeytun"
22643052,"Kanaker
Zeytun"
22649465,"Kanaker
Zeytun"
22475935,"Kanaker
Zeytun"
22669077,Arabkir
20997298,"Kanaker
Zeytun"
19598496,"Kanaker
Zeytun"
22073978,"Kanaker
Zeytun"
21182884,"Kanaker
Zeytun"
22487493,"Kanaker
Zeytun"
21774540,"Kanaker
Zeytun"
22168397,"Kanaker
Zeytun"
21375589,"Kanaker
Zeytun"
22654218,Arabkir
21695774,"Kanaker
Zeytun"
22400973,"Kanaker
Zeytun"
16885012,"Kanaker
Zeytun"
16894031,"Kanaker
Zeytun"
22665975,"Kanaker
Zeytun"
21930315,"Kanaker
Zeytun"
19052251,"Kanaker
Zeytun"
20406198,"Kanaker
Zeytun"
19456382,"Kanaker
Zeytun"
22635761,"Kanaker
Zeytun"
22368600,"Kanaker
Zeytun"
22550468,"Kanaker
Zeytun"
22664057,"Kanaker
Zeytun"
22630903,"Kanaker
Zeytun"
22453027,"Kanaker
Zeytun"
22637661,"Kanaker
Zeytun"
20924176,"Kanaker
Zeytun"
22658855,"Kanaker
Zeytun"
22508877,"Kanaker
Zeytun"
22489829,"Kanaker
Zeytun"
17813511,Arabkir
22121880,"Kanaker
Zeytun"
20973202,"Kanaker
Zeytun"
21236469,"Kanaker
Zeytun"
22596758,"Kanaker
Zeytun"
22599446,"Kanaker
Zeytun"
22271902,"Kanaker
Zeytun"
22320334,"Kanaker
Zeytun"
22492558,"Kanaker
Zeytun"
22475998,"Kanaker
Zeytun"
21630808,Arabkir
22658834,"Kanaker
Zeytun"
21367892,"Kanaker
Zeytun"
22557346,"Kanaker
Zeytun"
22634275,"Kanaker
Zeytun"
22651642,"Kanaker
Zeytun"
22555672,"Kanaker
Zeytun"
22537906,"Kanaker
Zeytun"
22526777,"Kanaker
Zeytun"
22336968,"Kanaker
Zeytun"
22252890,"Kanaker
Zeytun"
21582559,"Kanaker
Zeytun"
17778042,"Kanaker
Zeytun"
22593421,"Kanaker
Zeytun"
21920201,"Kanaker
Zeytun"
21964147,"Kanaker
Zeytun"
22616806,"Kanaker
Zeytun"
22287870,"Kanaker
Zeytun"
22181004,"Kanaker
Zeytun"
22587490,"Kanaker
Zeytun"
22595273,"Kanaker
Zeytun"
22622260,"Kanaker
Zeytun"
22613207,"Kanaker
Zeytun"
22629772,"Kanaker
Zeytun"
22594387,"Kanaker
Zeytun"
21360579,"Kanaker
Zeytun"
22536681,"Kanaker
Zeytun"
22491996,"Kanaker
Zeytun"
22232392,"Kanaker
Zeytun"
22570462,"Kanaker
Zeytun"
22619214,"Kanaker
Zeytun"
20339391,"Kanaker
Zeytun"
21904659,"Kanaker
Zeytun"
21385771,"Kanaker
Zeytun"
22103853,"Kanaker
Zeytun"
22259992,"Kanaker
Zeytun"
22017644,"Kanaker
Zeytun"
22261935,"Kanaker
Zeytun"
21907423,"Kanaker
Zeytun"
20973482,"Kanaker
Zeytun"
22131113,"Kanaker
Zeytun"
22084562,"Kanaker
Zeytun"
22506436,Arabkir
22585530,"Kanaker
Zeytun"
22384681,"Kanaker
Zeytun"
22476974,"Kanaker
Zeytun"
18396802,"Kanaker
Zeytun"
22582828,"Kanaker
Zeytun"
22544001,"Kanaker
Zeytun"
21984643,"Kanaker
Zeytun"
22541596,"Kanaker
Zeytun"
22564654,"Kanaker
Zeytun"
22561260,"Kanaker
Zeytun"
21189992,"Kanaker
Zeytun"
21634264,Arabkir
21553187,"Kanaker
Zeytun"
21849164,"Kanaker
Zeytun"
22182983,"Kanaker
Zeytun"
22303626,"Kanaker
Zeytun"
22162409,"Kanaker
Zeytun"
22102407,"Kanaker
Zeytun"
21490466,"Kanaker
Zeytun"
22510112,Arabkir
21369004,"Kanaker
Zeytun"
22109539,"Kanaker
Zeytun"
22491734,Arabkir
22507113,"Kanaker
Zeytun"
22504285,"Kanaker
Zeytun"
22243783,"Kanaker
Zeytun"
22399445,Kentron
22354363,Kentron
21350459,Kentron
21447121,Kentron
21075967,Kentron
22398472,Kentron
22449811,Kentron
22627176,Kentron
22136042,Kentron
21225918,Kentron
22492490,Kentron
22279516,Kentron
20981323,Kentron
22077262,Kentron
22189214,Kentron
20727145,Kentron
20559867,Kentron
22568279,Kentron
22478560,Kentron
22279563,Kentron
22421822,Kentron
22640611,Kentron
20751569,Kentron
17243850,Kentron
21568854,Kentron
21800017,Kentron
22371191,Kentron
21318557,Kentron
21212097,Kentron
21021473,Kentron
17631683,Kentron
22103485,Kentron
22619888,Kentron
21377317,Kentron
22572563,Kentron
22572546,Kentron
21751214,Kentron
21593911,Kentron
22661750,Kentron
22623494,Kentron
22229144,Kentron
20699056,Kentron
21447109,Kentron
20727157,Kentron
21307845,Kentron
21960767,Kentron
21213134,Kentron
18909669,Kentron
20678325,Kentron
21136705,Kentron
22003347,Kentron
22437151,Arabkir
22588660,Arabkir
22470451,Kentron
21422843,Kentron
20158718,Kentron
19299842,Kentron
20047379,Kentron
22476864,Kentron
22577998,Kentron
22191746,Kentron
21676530,Kentron
22220618,Kentron
22495052,Kentron
22549201,Kentron
22616392,Kentron
22142160,Kentron
22637935,Kentron
21610120,Kentron
22142161,Kentron
21926348,Kentron
22058536,Kentron
21997022,Kentron
22217915,Kentron
22646666,Kentron
21539454,Kentron
22498031,Kentron
22177514,Kentron
22656766,Kentron
22645425,Kentron
22659709,Kentron
22286106,Kentron
21644944,Kentron
22657294,Kentron
22594514,Kentron
22676515,Kentron
22676488,Kentron
21496167,Kentron
22437609,Kentron
22159538,Kentron
21503694,Kentron
22093818,Kentron
22196633,Kentron
22646763,Kentron
22598077,Kentron
21973591,Kentron
22621057,Kentron
22254301,Kentron
22668911,Kentron
22567401,Kentron
22537141,Kentron
22266018,Kentron
22601573,Kentron
22538117,Kentron
22136130,Kentron
21353836,Kentron
22103562,Kentron
22105632,Kentron
22157696,Kentron
22157415,Kentron
22157664,Kentron
22097602,Kentron
22099769,Kentron
22063739,Kentron
22644031,Kentron
22676090,Kentron
22631049,Kentron
22636902,Kentron
22463290,Kentron
22637867,Kentron
22570410,Kentron
22572376,Kentron
22672034,Kentron
22322786,Kentron
20818282,Kentron
22651992,Kentron
22675873,Kentron
21866906,Kentron
22622629,Kentron
22647199,Kentron
22469804,Kentron
22447598,Kentron
21122483,Kentron
20891647,Kentron
22613015,Kentron
22569044,Kentron
22580726,Kentron
22341532,Kentron
22675701,Kentron
22629729,Kentron
21885866,Kentron
20386136,Kentron
22633087,Kentron
21469536,Kentron
22282865,Kentron
22640477,Kentron
22631013,Kentron
22553651,Kentron
22144306,Kentron
20004481,Kentron
21270678,Kentron
22639254,Kentron
22435966,Kentron
22437842,Kentron
22509609,Kentron
22451917,Kentron
21963061,Kentron
22333907,Kentron
22400838,Kentron
22651632,Kentron
22563736,Kentron
22661699,Kentron
22644206,Kentron
17289126,Kentron
17420347,Kentron
20183525,Kentron
20291712,Kentron
16752451,Kentron
16883283,Kentron
16891787,Kentron
17529516,Kentron
18214687,Kentron
22181012,Kentron
21883957,Kentron
21761169,Kentron
22675067,Kentron
22675058,Kentron
22675050,Kentron
22657262,Kentron
22352010,Kentron
22352343,Kentron
22611738,Kentron
22671632,Kentron
22667822,Kentron
22627032,Kentron
22437894,Kentron
22641138,Kentron
22245518,Kentron
22396006,Kentron
22667047,Kentron
22599307,Kentron
22603111,Kentron
22362271,Kentron
22387977,Kentron
22372861,Kentron
22577633,Kentron
22627136,Kentron
22611164,Kentron
21622312,Kentron
21626530,Kentron
21663034,Kentron
21008845,Kentron
21738418,Kentron
22674877,Kentron
22516508,Kentron
22311444,Kentron
22307494,Kentron
19815374,Kentron
22151021,Kentron
20254427,Kentron
22329834,Kentron
22218843,Kentron
22657086,Kentron
22547863,"Malatia
Sebastia"
22674765,Kentron
22477050,Kentron
22533869,Kentron
22480154,Kentron
22674738,Kentron
22674315,Kentron
22674139,Kentron
22620625,Kentron
22642963,Kentron
22437917,Kentron
22674719,Kentron
21993210,Kentron
21622175,Kentron
22664620,Kentron
22239957,Kentron
17814183,Kentron
17652865,Kentron
16823416,Kentron
20798463,Kentron
22515710,Kentron
18091243,Kentron
17000119,"Malatia
Sebastia"
17539435,"Malatia
Sebastia"
22563158,"Malatia
Sebastia"
22674702,Kentron
15354837,Kentron
18596246,Kentron
17699655,Kentron
17910828,Kentron
22649760,Kentron
21083598,Kentron
22669742,Kentron
20562949,Kentron
22674655,Arabkir
21436899,Kentron
21947006,Kentron
22209039,Kentron
20906974,Kentron
21621861,Kentron
22063652,Kentron
22643086,Kentron
22220609,Kentron
21974329,Kentron
22175269,Kentron
19230576,Kentron
22674519,Kentron
16823413,Kentron
16826386,Kentron
13295208,Kentron
16998869,Kentron
18605807,Kentron
22469220,Davtashen
16858209,Kentron
17265189,Kentron
18251978,Kentron
16846921,Kentron
22670794,Kentron
22586125,Kentron
21506015,Kentron
22671020,Kentron
22579221,Kentron
22641398,Kentron
22674416,Erebuni
22667480,Kentron
22641001,Kentron
21636741,Kentron
21896665,Kentron
21863562,Kentron
21965935,Kentron
22435891,Kentron
22435128,Kentron
22475735,Kentron
22549133,Kentron
21230207,Kentron
20606890,Kentron
21656135,Kentron
21804522,Kentron
21446783,Kentron
22656618,Kentron
22656714,Kentron
22647186,Kentron
22667240,Kentron
22646504,Kentron
22646166,Kentron
21593881,Kentron
18398492,Kentron
20436314,Kentron
22159525,Kentron
21823117,Kentron
20526512,Kentron
22316597,Kentron
22674285,Kentron
21488186,Kentron
22033455,Kentron
21907608,Kentron
22257791,Kentron
22659808,Kentron
22659924,Kentron
22018826,Kentron
21781001,Kentron
21791338,Kentron
16690136,Kentron
22346513,Kentron
22274789,Kentron
21567212,Kentron
21448195,Kentron
21524269,Kentron
21774720,Kentron
21894754,Kentron
21524357,Kentron
21656141,Kentron
21345459,Kentron
21089723,Kentron
21045231,Kentron
22223262,Kentron
21035106,Kentron
20965985,Kentron
22103615,Kentron
21574951,Kentron
19326432,Kentron
22218831,Kentron
21998357,Kentron
22456096,Kentron
22598398,Kentron
21059114,Kentron
22579552,Kentron
22487353,Kentron
22548884,Kentron
22414250,Kentron
17455163,Kentron
22627386,Kentron
21060605,Kentron
21229391,Kentron
22657244,Kentron
22656399,Kentron
22065112,Arabkir
21607689,Kentron
22260200,Kentron
21071858,Kentron
21626511,Kentron
22210173,Kentron
22522211,Kentron
21598369,Erebuni
22567707,Kentron
22522744,Kentron
22488529,Kentron
22288617,Kentron
20508702,Kentron
22673794,Kentron
22600663,Kentron
22603755,Kentron
22608885,Kentron
22228911,Kentron
22013778,Kentron
22144206,Kentron
22591777,Kentron
22599938,Kentron
22622989,Arabkir
22524617,Kentron
22036357,Kentron
22653864,Kentron
22616612,Kentron
22055922,Kentron
22644173,Kentron
22029766,Kentron
22623177,Kentron
22065073,Kentron
22657484,Arabkir
21636642,Arabkir
20986194,Kentron
22653696,Kentron
22536940,Kentron
22618817,Kentron
22634983,Erebuni
22370161,Kentron
22577037,Kentron
22618850,Kentron
22599912,Kentron
22621210,Kentron
22338912,Kentron
22667406,Kentron
22586030,Kentron
22388513,Kentron
21797803,Kentron
22637934,Kentron
21577244,Kentron
22609625,Kentron
22640444,Kentron
22640314,Kentron
21415576,Kentron
21421277,Kentron
22599955,Erebuni
21600597,Kentron
22182687,Kentron
22169810,Kentron
20326903,Kentron
21883979,Kentron
22511085,Kentron
22513104,Kentron
22299071,Kentron
22616481,Kentron
21816442,Kentron
22346623,Kentron
21378066,Shengavit
22597117,Kentron
19435252,Kentron
22158959,Kentron
22138274,Kentron
22530230,Kentron
22637046,Kentron
20189529,Kentron
20526480,Kentron
20216563,Kentron
22646029,Kentron
22151263,Kentron
22563737,Kentron
22644591,Arabkir
22661170,Kentron
22230709,"Malatia
Sebastia"
22521455,"Malatia
Sebastia"
21934357,"Nork
Marash"
22365665,Kentron
22659804,Kentron
22620156,Kentron
22593640,Kentron
22643941,Kentron
21943973,Kentron
22672979,Kentron
22561362,Kentron
22649655,Kentron
22576238,Kentron
22672795,Kentron
22437909,Kentron
22542803,Kentron
15316291,Kentron
22547376,Kentron
22656266,Kentron
22623057,"Malatia
Sebastia"
21424168,Kentron
22621105,Kentron
22013155,Kentron
22672156,Kentron
22041506,Kentron
21253255,Kentron
20035900,Kentron
22672091,Kentron
20850465,Kentron
21154123,Kentron
21731183,Kentron
22490848,Kentron
22452576,Kentron
22587637,Kentron
21395961,Arabkir
22486372,Kentron
22671764,Kentron
21735556,Kentron
21570495,Kentron
21832637,Kentron
22642532,Kentron
21513110,Kentron
16743625,Kentron
21001555,Kentron
17100594,Kentron
17031341,Kentron
21816501,Kentron
22511587,Kentron
22482665,Kentron
22663650,Kentron
21651545,Kentron
22104567,Kentron
22104588,Kentron
22665639,Kentron
22574484,Kentron
22671190,Kentron
22488977,Kentron
20708151,Kentron
22489234,Kentron
22660579,Arabkir
20608968,"Nork
Marash"
22628182,Kentron
22572393,Kentron
22660768,Kentron
22545719,Kentron
22290500,Kentron
21577280,Kentron
21931455,Kentron
21577405,Kentron
21582407,Kentron
18348606,Kentron
21577210,Kentron
21586457,Kentron
22670771,Kentron
22596117,Arabkir
22398557,Kentron
22643905,Kentron
22649685,Kentron
22365589,Kentron
22305278,Kentron
21874043,Kentron
22536766,Kentron
22549434,Kentron
22584072,Kentron
19086361,Kentron
22551567,Kentron
22522706,Kentron
22489865,Kentron
22610381,Kentron
22630750,Kentron
20330802,Kentron
20598651,Kentron
21914642,Kentron
20975971,Kentron
21782798,Kentron
21516123,Kentron
22537008,Kentron
22069259,Kentron
22157596,Kentron
22529828,Kentron
20313698,Kentron
22468026,Kentron
21624618,Kentron
19307445,Kentron
20035902,Kentron
20545940,Kentron
22078372,Kentron
21044372,Kentron
21289267,Kentron
21216518,Kentron
21580006,Kentron
22361502,Kentron
22311934,Kentron
21396866,Kentron
20330729,Kentron
22361500,Kentron
21720070,Kentron
19737468,Kentron
21634367,Kentron
18012278,Kentron
17722848,Kentron
21080980,Kentron
20587913,Arabkir
22061501,Kentron
22115344,Kentron
22217312,Kentron
22134782,Kentron
22134762,Kentron
22670176,Kentron
22374140,Kentron
21539132,Kentron
21291225,Kentron
21260107,Kentron
22486212,Shengavit
21403996,Erebuni
22445005,Kentron
22246107,Kentron
22246175,Kentron
18993285,Kentron
20975294,Arabkir
20273304,Arabkir
19424352,Kentron
19428020,Kentron
18931769,Kentron
19092070,Kentron
19085932,Kentron
19246057,Kentron
19246375,Kentron
22103416,Kentron
22663437,Kentron
22218826,Erebuni
20268456,Kentron
22669704,Kentron
22629570,Kentron
22333996,Kentron
22347143,Arabkir
21775074,Kentron
19912498,Kentron
18324680,Kentron
22492520,Kentron
21092126,Kentron
22663937,Kentron
21080533,Kentron
21826893,Kentron
21352843,Kentron
21610224,Kentron
22351587,Kentron
21566843,Kentron
21080824,Kentron
19119399,Kentron
20953399,Kentron
22221477,Kentron
22446916,Kentron
22668886,Kentron
21857435,Kentron
22100677,Kentron
22099559,Kentron
22099474,Kentron
21187713,Kentron
22399451,Kentron
20365828,Kentron
22519484,Kentron
22241439,Kentron
22527268,Kentron
22442078,Kentron
22155144,Kentron
21665337,Kentron
17858322,Kentron
22487182,Kentron
22656247,Erebuni
22044248,Kentron
21357466,Kentron
22412822,Kentron
22151991,Kentron
22212349,Kentron
22177569,Kentron
22164645,Kentron
22225409,Kentron
22627203,Kentron
20015948,Kentron
22177570,Kentron
22526946,Kentron
22266164,Kentron
22504054,Kentron
22663206,Kentron
22661740,Kentron
22661701,Kentron
21788369,Kentron
21788354,Kentron
21535514,Kentron
22662665,Kentron
17783733,Kentron
20670680,Kentron
20977287,Kentron
22598865,Kentron
19309390,Arabkir
22052337,Kentron
21863923,Kentron
22435465,Kentron
21056326,Kentron
22588655,Kentron
22652282,Kentron
22598042,Kentron
22421134,Kentron
21207279,Kentron
22596080,Kentron
21706887,Kentron
21452621,Kentron
22486836,Kentron
22601289,Kentron
22501506,Kentron
22499174,Kentron
21761272,Kentron
22074015,Arabkir
22643243,Kentron
17364825,Kentron
22650506,Kentron
21647799,Kentron
22377996,Kentron
21442998,Kentron
20185574,Kentron
21378059,Kentron
21742982,Kentron
22518081,Kentron
21883971,Kentron
21646007,Kentron
21873897,Kentron
22663431,Arabkir
21682392,Kentron
22663165,Kentron
22442960,Arabkir
22094052,Kentron
22658337,Kentron
22568543,"Malatia
Sebastia"
22424164,Kentron
22662057,Kentron
20150816,Kentron
22661965,Kentron
22661876,Erebuni
22661822,Kentron
22088208,Kentron
22472581,Kentron
21578643,Kentron
21780548,Kentron
21710450,Kentron
22450280,Kentron
22636494,Kentron
22435448,Kentron
22630240,Kentron
20354145,Kentron
20598645,Arabkir
21092018,Kentron
20608685,Kentron
21072996,Arabkir
22158929,Kentron
21454978,Kentron
22532131,"Malatia
Sebastia"
22184217,Ajapnyak
21854203,"Malatia
Sebastia"
22439197,"Malatia
Sebastia"
22024625,"Malatia
Sebastia"
22036349,"Malatia
Sebastia"
19254849,"Malatia
Sebastia"
21694490,"Malatia
Sebastia"
22004661,"Malatia
Sebastia"
22675980,"Malatia
Sebastia"
22492074,"Malatia
Sebastia"
22158366,"Malatia
Sebastia"
22562496,"Malatia
Sebastia"
22175064,"Malatia
Sebastia"
22528229,"Malatia
Sebastia"
20186136,"Malatia
Sebastia"
21101219,"Malatia
Sebastia"
22147494,"Malatia
Sebastia"
22353490,"Malatia
Sebastia"
22031867,"Malatia
Sebastia"
21843851,"Malatia
Sebastia"
20904443,"Malatia
Sebastia"
22300012,"Malatia
Sebastia"
22477210,"Malatia
Sebastia"
22010332,"Malatia
Sebastia"
22098340,"Malatia
Sebastia"
22592322,"Malatia
Sebastia"
21427418,"Malatia
Sebastia"
20974799,"Malatia
Sebastia"
21507439,"Malatia
Sebastia"
21507440,"Malatia
Sebastia"
21575214,"Malatia
Sebastia"
22661207,"Malatia
Sebastia"
22465559,"Malatia
Sebastia"
22675030,"Malatia
Sebastia"
21710099,"Malatia
Sebastia"
22634812,"Malatia
Sebastia"
22548150,"Malatia
Sebastia"
22637660,
22674607,
22637056,
22660086,"Malatia
Sebastia"
21706069,"Malatia
Sebastia"
20865931,"Malatia
Sebastia"
22478471,"Malatia
Sebastia"
21436667,"Malatia
Sebastia"
22588789,"Malatia
Sebastia"
22602996,"Malatia
Sebastia"
22469631,"Malatia
Sebastia"
22513658,"Malatia
Sebastia"
21656269,"Malatia
Sebastia"
22554455,"Malatia
Sebastia"
22446540,"Malatia
Sebastia"
22671385,"Malatia
Sebastia"
22616432,"Malatia
Sebastia"
22644748,"Malatia
Sebastia"
22544511,"Malatia
Sebastia"
22514880,"Malatia
Sebastia"
22031286,"Malatia
Sebastia"
22592799,"Malatia
Sebastia"
22496461,"Malatia
Sebastia"
22537059,"Malatia
Sebastia"
22487460,"Malatia
Sebastia"
22658652,"Malatia
Sebastia"
22121495,"Malatia
Sebastia"
22614957,"Malatia
Sebastia"
22081479,"Malatia
Sebastia"
22573231,"Malatia
Sebastia"
22520473,"Malatia
Sebastia"
22120635,"Malatia
Sebastia"
22151231,"Malatia
Sebastia"
22487476,"Malatia
Sebastia"
22612136,"Malatia
Sebastia"
21911659,"Malatia
Sebastia"
22618458,"Malatia
Sebastia"
22529207,"Malatia
Sebastia"
22565671,"Malatia
Sebastia"
22616511,"Malatia
Sebastia"
22549174,"Malatia
Sebastia"
21407709,"Malatia
Sebastia"
22532324,"Malatia
Sebastia"
22423056,"Malatia
Sebastia"
22637751,"Malatia
Sebastia"
22665376,"Malatia
Sebastia"
22665221,"Malatia
Sebastia"
22075379,Kentron
22569223,Kentron
22618603,"Malatia
Sebastia"
22623411,"Malatia
Sebastia"
22638197,"Malatia
Sebastia"
19987365,"Malatia
Sebastia"
21584308,"Malatia
Sebastia"
22620034,"Malatia
Sebastia"
22661956,"Malatia
Sebastia"
22585295,"Malatia
Sebastia"
20974076,"Malatia
Sebastia"
21507446,"Malatia
Sebastia"
20861936,"Malatia
Sebastia"
21886597,"Malatia
Sebastia"
22119698,"Malatia
Sebastia"
22540104,"Malatia
Sebastia"
22633741,Shengavit
22425220,"Malatia
Sebastia"
22660573,"Malatia
Sebastia"
22502525,"Malatia
Sebastia"
21108889,"Malatia
Sebastia"
22660227,"Malatia
Sebastia"
22540372,"Malatia
Sebastia"
22487424,"Malatia
Sebastia"
22487378,"Malatia
Sebastia"
22487497,"Malatia
Sebastia"
22573257,"Malatia
Sebastia"
22585867,"Malatia
Sebastia"
22659073,"Malatia
Sebastia"
22658570,"Malatia
Sebastia"
22656888,"Malatia
Sebastia"
22365859,"Malatia
Sebastia"
22632701,"Malatia
Sebastia"
21780306,"Malatia
Sebastia"
22546485,"Malatia
Sebastia"
22027198,"Malatia
Sebastia"
22624641,"Malatia
Sebastia"
21679437,"Malatia
Sebastia"
22160951,"Malatia
Sebastia"
22269930,"Malatia
Sebastia"
22153103,"Malatia
Sebastia"
22639194,"Malatia
Sebastia"
22590577,"Malatia
Sebastia"
22472914,"Malatia
Sebastia"
20025258,"Malatia
Sebastia"
21809122,"Malatia
Sebastia"
22608751,"Malatia
Sebastia"
18957949,"Malatia
Sebastia"
22284737,"Malatia
Sebastia"
22589895,"Malatia
Sebastia"
22390139,"Malatia
Sebastia"
19817781,"Malatia
Sebastia"
22555813,"Malatia
Sebastia"
21858925,"Malatia
Sebastia"
22563910,"Malatia
Sebastia"
20940258,"Malatia
Sebastia"
22323137,"Malatia
Sebastia"
17853941,"Malatia
Sebastia"
22469639,"Malatia
Sebastia"
22027234,"Malatia
Sebastia"
18745471,"Malatia
Sebastia"
22389663,"Malatia
Sebastia"
22280325,"Malatia
Sebastia"
21863850,"Malatia
Sebastia"
21918779,"Malatia
Sebastia"
22474422,"Malatia
Sebastia"
22537725,"Malatia
Sebastia"
18704103,"Malatia
Sebastia"
21301224,"Malatia
Sebastia"
20554014,"Malatia
Sebastia"
22525505,"Malatia
Sebastia"
22540467,"Malatia
Sebastia"
22524623,"Malatia
Sebastia"
21552102,"Malatia
Sebastia"
22011001,"Malatia
Sebastia"
22041045,"Malatia
Sebastia"
22232757,"Malatia
Sebastia"
20866306,"Malatia
Sebastia"
22653911,Nor Nork
22597565,Nor Nork
22472438,Nor Nork
22628392,Nor Nork
22574743,Nor Nork
22526787,Nor Nork
22562026,Nor Nork
22638727,Nor Nork
22675381,Nor Nork
21957121,Nor Nork
22338996,Nor Nork
22674750,Nor Nork
21104402,Nor Nork
22670089,Nor Nork
22670109,Nor Nork
22654174,Nor Nork
22264264,Nor Nork
22572803,Nor Nork
22649374,Nor Nork
22310003,Nor Nork
21996159,Nor Nork
22636496,Nor Nork
22673470,Nor Nork
22645365,Nor Nork
22656629,Nor Nork
22468547,Nor Nork
22597903,Nor Nork
22552412,Nor Nork
22481185,Nor Nork
22659362,Nor Nork
21557549,Nor Nork
22180299,Nor Nork
22065267,Nor Nork
21139442,Nor Nork
22672312,Nor Nork
22672153,Nor Nork
22654962,Nor Nork
22671438,Nor Nork
22500688,"Nork
Marash"
22670988,Nor Nork
22670978,Nor Nork
22558276,Nor Nork
22121786,Nor Nork
22271277,Nor Nork
22205680,Nor Nork
22658722,Nor Nork
22628184,Nor Nork
22507884,Nor Nork
22092201,Nor Nork
22631624,Nor Nork
22669209,Nor Nork
22668687,Nor Nork
20859123,Nor Nork
22624861,Nor Nork
22633471,Nor Nork
22585605,Nor Nork
22667953,Nor Nork
22530955,Nor Nork
22609609,Avan
22507110,Nor Nork
21574776,Nor Nork
21956290,Nor Nork
22553813,Nor Nork
22655282,Nor Nork
22649018,Nor Nork
22655535,Nor Nork
21783021,Nor Nork
22628424,Nor Nork
21932868,Nor Nork
21971748,Nor Nork
21701993,Nor Nork
18722559,Nor Nork
18718746,Nor Nork
22662453,Nor Nork
22097391,Nor Nork
22635453,Nor Nork
22629539,Nor Nork
22644940,Nor Nork
22298976,Nor Nork
21713431,Nor Nork
20402340,Nor Nork
21481135,Nor Nork
22636347,Nor Nork
22544313,Nor Nork
22365716,Nor Nork
22004076,Nor Nork
18722475,Nor Nork
22131068,Nor Nork
22114526,Nor Nork
22104410,Nor Nork
22654728,Nor Nork
22644093,Nor Nork
22331551,Nor Nork
22419399,Nor Nork
22365845,Nor Nork
21681217,Nor Nork
22345636,Nor Nork
22633250,Nor Nork
20810550,Nor Nork
21844611,Nor Nork
22506828,Nor Nork
22645430,Nor Nork
22643963,Nor Nork
22470615,Nor Nork
22592050,Nor Nork
22177451,Nor Nork
20994693,Nor Nork
21808640,Nor Nork
22358832,Nor Nork
22528709,Nor Nork
22001439,Nor Nork
22594194,Nor Nork
21393337,Nor Nork
22632366,Nor Nork
21815852,Nor Nork
22584200,Nor Nork
21483036,Nor Nork
17969708,Nor Nork
22589279,Nor Nork
20969842,Nor Nork
22621624,Nor Nork
22134725,Nor Nork
22618699,Nor Nork
21962958,Nor Nork
21938755,Nor Nork
22571381,Nor Nork
22597109,Nor Nork
22573279,Nor Nork
22506811,Nor Nork
21967737,Nor Nork
20748871,Nor Nork
22595994,Nor Nork
22592569,Nor Nork
22537060,Nor Nork
22144191,Nor Nork
21199700,Nor Nork
22570779,Nor Nork
21252709,Nor Nork
22555278,Nor Nork
21258119,Nor Nork
22553148,Nor Nork
22551526,Nor Nork
22500669,Nor Nork
22548386,Nor Nork
21658579,Nor Nork
21849593,Nor Nork
22537749,Nor Nork
22322397,Nor Nork
22501799,Nor Nork
22056671,Nor Nork
22245678,Nor Nork
21429823,Nor Nork
22482694,Nor Nork
21958817,Nor Nork
22266335,Shengavit
22543721,Shengavit
22429099,Shengavit
20286342,Shengavit
22101958,Shengavit
22611569,Shengavit
20259588,Shengavit
22654304,Shengavit
19703001,Shengavit
20020368,Shengavit
20234784,Shengavit
21658510,Shengavit
19912926,Shengavit
22666230,Shengavit
22658314,Shengavit
21663900,Shengavit
16633877,Shengavit
22572555,Shengavit
22361498,Shengavit
19811809,Shengavit
22162721,Shengavit
22539480,Shengavit
11767246,Shengavit
16161479,Shengavit
22657864,Shengavit
22666688,Shengavit
22671558,Shengavit
21820927,Shengavit
22672084,Shengavit
20268535,Shengavit
22542592,Shengavit
22436059,Shengavit
22536802,Shengavit
22168869,Shengavit
21957002,Shengavit
22354092,Shengavit
22637855,Shengavit
22103918,Shengavit
22675710,Shengavit
22651287,Shengavit
22409112,Shengavit
22429798,Shengavit
22132344,Shengavit
22657383,Shengavit
22656569,Shengavit
22654756,Shengavit
22656846,Shengavit
21112978,Shengavit
22271859,Shengavit
22674969,Shengavit
22582204,Shengavit
21941916,Shengavit
21211011,Shengavit
22027857,Shengavit
21029492,Shengavit
21206718,Shengavit
20742194,Shengavit
21003551,Shengavit
22667872,Shengavit
22667552,Shengavit
22136059,Shengavit
22573575,Shengavit
21883978,Shengavit
22648071,Shengavit
22099516,Shengavit
22120884,Shengavit
22535773,Shengavit
22567384,Shengavit
21369497,Shengavit
22674089,Kentron
22486463,Shengavit
22487775,Shengavit
22492370,Shengavit
22632810,Shengavit
22637583,Shengavit
22608804,Shengavit
22653105,Kentron
22579466,Kentron
21853253,Shengavit
21802383,Shengavit
22411150,Shengavit
21928140,Shengavit
22635087,Shengavit
22672773,Shengavit
22564956,Kentron
21568810,Shengavit
22420815,Shengavit
22482049,Shengavit
22366924,Shengavit
22661774,Shengavit
22651602,Shengavit
22636300,Shengavit
22078864,Shengavit
22672220,Shengavit
22653145,Shengavit
22671638,Shengavit
22656522,Shengavit
22637740,Shengavit
22497763,Shengavit
21936537,Shengavit
20332848,Shengavit
22459828,Shengavit
21798861,Shengavit
22661558,Shengavit
20964061,Shengavit
22670304,Shengavit
19979577,Shengavit
22563647,Shengavit
22645160,Shengavit
22290439,Shengavit
22290424,Shengavit
22044780,Shengavit
21019522,Shengavit
20246775,Shengavit
21615152,Shengavit
22513877,Shengavit
22657898,Shengavit
22382395,Shengavit
22455613,Shengavit
22315699,Shengavit
22578785,Shengavit
22668940,Shengavit
22627499,Shengavit
22668872,Shengavit
22668824,Shengavit
22628183,Shengavit
22106122,Shengavit
22537457,Shengavit
22656733,Shengavit
22022075,Shengavit
22569945,Shengavit
22408818,Shengavit
21997075,Shengavit
21995819,Shengavit
22666473,Shengavit
21209951,Shengavit
20396165,Shengavit
22649277,Shengavit
22200108,Shengavit
22642047,Shengavit
22605286,Shengavit
22628093,Shengavit
22665588,Shengavit
22439268,Shengavit
22401940,Shengavit
22604164,Shengavit
22529183,Shengavit
22662469,Shengavit
21557528,Shengavit
22661841,Shengavit
22661596,Shengavit
22660762,Shengavit
22226790,Shengavit
22170066,Shengavit
22660139,Kentron
21915941,Shengavit
22658620,Shengavit
22658076,Shengavit
20995196,Shengavit
21256567,Shengavit
20736460,Shengavit
21813437,Shengavit
21509423,Shengavit
22057279,Shengavit
22063293,Shengavit
22227366,Shengavit
22516976,Shengavit
21388922,Shengavit
21176701,Shengavit
22550884,Shengavit
16151738,Shengavit
22651434,Shengavit
22619392,Shengavit
20962690,Shengavit
14428686,Shengavit
18361895,Shengavit
22648520,Shengavit
22486375,Shengavit
22473940,Shengavit
14567501,Shengavit
22520630,Shengavit
22278868,Shengavit
22278827,Shengavit
22593222,Shengavit
21903769,
22642554,Shengavit
21590530,Shengavit
22554575,Shengavit
22604576,Shengavit
19429407,Shengavit
22639488,Shengavit
22639092,Shengavit
22037455,Kentron
21799327,Shengavit
22500810,Shengavit
19482255,Shengavit
20640412,Shengavit
17587976,Shengavit
17537821,Shengavit
17584396,Shengavit
17925791,Shengavit
22294145,Shengavit
22394921,Shengavit
22618045,Shengavit
21774228,Shengavit
22615059,Shengavit
22108549,Shengavit
20360751,Shengavit
22326993,Shengavit
20405668,Shengavit
22611541,Shengavit
20293253,Shengavit
22540466,Shengavit
22600337,Shengavit
22496881,Shengavit
22056026,Shengavit
22190572,Shengavit
22493963,Shengavit
22540494,Shengavit
22543204,Shengavit
22577561,Shengavit
22548366,Shengavit
21437996,Shengavit
19381664,Shengavit
19974651,Shengavit
18919793,Shengavit
21492846,Shengavit
11169234,Shengavit
21560753,Shengavit
19344967,Shengavit
18464128,Shengavit
10668134,Shengavit
21471805,Shengavit
13971972,Shengavit
21570174,Shengavit
22172539,Shengavit
21570177,Shengavit
13353390,Shengavit
17511357,Shengavit
13716385,Shengavit
14995210,Shengavit
12914580,Shengavit
14472797,Shengavit
21597852,Shengavit
21565237,Shengavit
22109484,Shengavit
22594233,Shengavit
13289735,Shengavit
21420232,Shengavit
10922181,Shengavit
12002433,Shengavit
17595177,Shengavit
21523885,Shengavit
22068016,Shengavit
22586365,Shengavit
20239895,Shengavit
22501154,Shengavit
22561395,Shengavit
22580224,Shengavit
20756844,Shengavit
22117356,Shengavit
22003001,Shengavit
12944700,Shengavit
20047238,Shengavit
14559450,Shengavit
10680990,Shengavit
21632945,Shengavit
22209264,Shengavit
22560610,Shengavit
22211653,Shengavit
20834908,Shengavit
17733020,Shengavit
22499127,Shengavit
13796660,Shengavit
22539370,Shengavit
20452510,Shengavit
22527372,Shengavit
20280940,Shengavit
20644276,Shengavit
22109551,Shengavit
22325997,Shengavit
20354519,Shengavit
22482224,Shengavit
21578973,Shengavit
22275442,Shengavit
21634270,Shengavit
17502152,Shengavit
21377982,Shengavit
21297171,Shengavit
22479776,Shengavit
19798326,"Nork
Marash"
22464870,"Nork
Marash"
22522072,"Nork
Marash"
22536964,"Nork
Marash"
22484566,"Nork
Marash"
22475944,"Nork
Marash"
22535329,"Nork
Marash"
22585994,"Nork
Marash"
22415471,"Nork
Marash"
22565462,"Nork
Marash"
22559751,"Nork
Marash"
22642131,Erebuni
22618217,"Nork
Marash"
22079762,"Nork
Marash"
22290943,"Nork
Marash"
22224877,"Nork
Marash"
22139128,"Nork
Marash"
22161977,"Nork
Marash"
22581478,"Nork
Marash"
22518062,"Nork
Marash"
22432339,Nubarashen
21557448,Nubarashen
22430930,Nubarashen
22595095,Nubarashen
